boundary_id,outgoing_shot_id,incoming_shot_id,boundary_seconds,transition_type,transition_duration_seconds,outgoing_terminal_frame_sha256,first_transition_frame_sha256,incoming_initial_frame_sha256,boundary_minus_2_sha256,boundary_minus_1_sha256,boundary_at_sha256,boundary_plus_1_sha256,transition_midpoint_frame,transition_midpoint_sha256,outgoing_terminal_source,incoming_initial_source,raw_previous_image_reopened,reset_allowed,position_reset_detected,raw_source_flash_detected,normalized_pixel_difference,perceptual_equivalence_threshold,transition_start_rule,continuity_subject,exact_shot_window_preserved,gap_frames,overlap_frames
boundary-01,shot-b01-01,shot-b01-02,7,short_dissolve,0.45,49bb58a8eb0c2ed11e2d69500807d7154b183a93d0e315cc95ffdbc676ad491c,8b14dabcda38625b9df12c91ee37261600b9dad7a507f27be11655e6ef13c7c5,0d95357db01244f6ed844bd62fd67bef59e1231717a4cae16d92c8f4e27d2f94,87e8fdac38968a1ca8e58f98241f0bb63ca9417d04ed5a8054f9eeaa43199f85,f156b61be5c66415384b9d3f866298e08ad6a3a33852951e08f75880d5cbc9e5,9c8f87ab46d4795d77caf65b802fd9618a40b2b96df248f9a6cc85586dbed01b,3458dd8364f4bc8d13859678cfa9d6913b68f948707fffd9ded58204f8d18edb,216,dea814fd2b6097f56ebd16e3e36424d0e7e6923c27fad7a39bd2c183519f4026,rendered_outgoing_final_clip_terminal_frame,rendered_incoming_base_clip_head,false,false,false,false,0.008438,0.02,transition_starts_on_actual_outgoing_terminal_frame,駅から塔へ terminal framing → 空いた取付点 initial framing,true,0,0
boundary-02,shot-b01-02,shot-b01-03,14,held_fade,0.55,353d582ffe6c02fc0f24d33edc31762c5881fd1758c9397f4ad84beecb535d11,4ddd61c25cfa48f491b461f9525d0c99d93a60a82c141c2d756f8f9ac75ec41f,993c56ee6f189c2010a231e81bb2aa6a127b4bfbce93796eb14ab64d3a1329b3,b4a2ac0c3aa3b981c33ae3309ee9f0b48e378a9b0c8da6f8f2a39c90e6adf17e,b4a2ac0c3aa3b981c33ae3309ee9f0b48e378a9b0c8da6f8f2a39c90e6adf17e,e2bfd652697bd2a9213813c13c0f8ce727a1fe8e1145e8dbaaa8d3bfc1e40993,fbfe13fea6cab82433894d0ce9ef42fa7923c927f4caf83bdfe00afafc16eb86,428,8e3848e23e3c12960f396edbc2f9ee8cb1780c1ab3d351582089c1920ce7eac8,rendered_outgoing_final_clip_terminal_frame,rendered_incoming_base_clip_head,false,false,false,false,0.00981,0.02,transition_starts_on_actual_outgoing_terminal_frame,空いた取付点 terminal framing → 空枠と正午標 initial framing,true,0,0
boundary-03,shot-b01-03,shot-b02-01,20,hard_cut,0,a03d093574eb6eb71801f230fbf18c9df45bba8e2ed3342918859f4086a56e14,371f9e3106c017e3c1995d4a9c43a1a7a78d74950c1f2585f92abd92fe705baf,371f9e3106c017e3c1995d4a9c43a1a7a78d74950c1f2585f92abd92fe705baf,834814c5cf27f021106f6bfcde262b74291a92b7b314a979a8603a1c0ec4f9f0,5ac5006f3ad546264566bfa6bdfb675e8f0f0e796013977377ac350958cc9243,eaa9c1ec1eeba39c56babbe03770e728ca17ba66d431d7ba0aaf9ce790b755e5,d08823b51382d678579373defa60d6458cb334b7fb706a17e8ef26b15a985518,600,eaa9c1ec1eeba39c56babbe03770e728ca17ba66d431d7ba0aaf9ce790b755e5,rendered_outgoing_final_clip_terminal_frame,rendered_incoming_base_clip_head,false,false,false,false,0,0.02,hard_cut_starts_on_actual_incoming_head,空枠と正午標 terminal framing → 時計修理台の手元 initial framing,true,0,0
boundary-04,shot-b02-01,shot-b02-02,30,match_cut,0.22,766c400077e0b1c32ae11477e4c6ec6bbbf7e751feed459f8dd8261ae145b546,112e16ecfea15f70a4d2a9d2e94898017555d5a46128c7ba51e620670ea0757c,d2b7642f567a1daee521d695f1faab1e5e54a2f5c548fbe03e7724f1d1402b4e,70c76920cc32143f4c9032ad03f43f0c495f39c24f0b322fb0a9d2cbbfbdfc01,70c76920cc32143f4c9032ad03f43f0c495f39c24f0b322fb0a9d2cbbfbdfc01,ac11cf226a7683404b6b8e419ec87e440e2fc6dac14eb58645b914bdeaec115e,88d84b5e9f7bdba7c5f240beaabc7eac38bd1f845b5e6d4aeb38643761e817a1,903,6fc4777c995d2bffe4e293ba83257c50068f1b7e0606ba4dbaede4fe13a57b7a,rendered_outgoing_final_clip_terminal_frame,rendered_incoming_base_clip_head,false,false,false,false,0.009475,0.02,transition_starts_on_actual_outgoing_terminal_frame,時計修理台の手元 terminal framing → メモと静止した蛾 initial framing,true,0,0
boundary-05,shot-b02-02,shot-b02-03,40,graphic_match,0.3,19f077e4cff4767f6370653da2cb0576ef22ccdf38d23673e8f52a3d66f06e77,f8d9ca928d3cc1dee1aa4824c2ae8e3d2cd52f276afd129b0eba4d09c55e153a,c19fb6d6fb2e59ed5e2d150d34717507a3e2d106a70ace15c7afb9908cab3eef,6973a19fdac8dc25b9b12b094af9dad430e085160b5b645045cf8db660d5ccb6,6973a19fdac8dc25b9b12b094af9dad430e085160b5b645045cf8db660d5ccb6,419ec40c40f378e7a8c96def630e8cb576ffea79b5ca4437f01acd130dca46a0,a7c57691d30acf603e96df78e0585a3aec0aba08be44d00b64e017ea5219e60e,1204,a110f2873f3939090c8825951f867a2b2d84365b53cc8ea3a5a1ba206ba72d1f,rendered_outgoing_final_clip_terminal_frame,rendered_incoming_base_clip_head,false,false,false,false,0.008758,0.02,transition_starts_on_actual_outgoing_terminal_frame,メモと静止した蛾 terminal framing → 9:17と蛾の反復 initial framing,true,0,0
boundary-06,shot-b02-03,shot-b03-01,50,hard_cut,0,f0759fd057f7345ee35049218f2a6f8e8d6121ade864e508580bb81ccc60ba92,2a3b27539286a4dc222a0427bfc4097e454b6194069bb0a630110b9376c80fec,2a3b27539286a4dc222a0427bfc4097e454b6194069bb0a630110b9376c80fec,ed046e89238b0e31079be5fef6f8666ecd5ba0a0d3d06585a955a3b68d99c646,ed046e89238b0e31079be5fef6f8666ecd5ba0a0d3d06585a955a3b68d99c646,3866f18bc1f0771b489ec16a0d95070ba2cefebe5dd53e14a37b77f0b8b3e104,0d9a4c0196ab5b6cb4207f603bec22064510ae1cc25ee039b9a686d8ded7911b,1500,3866f18bc1f0771b489ec16a0d95070ba2cefebe5dd53e14a37b77f0b8b3e104,rendered_outgoing_final_clip_terminal_frame,rendered_incoming_base_clip_head,false,false,false,false,0,0.02,hard_cut_starts_on_actual_incoming_head,9:17と蛾の反復 terminal framing → 台帳を開く手元 initial framing,true,0,0
boundary-07,shot-b03-01,shot-b03-02,60,graphic_match,0.3,515d72f7f7ad4df8b831f26dea0d2be8c28caa2a208a49c4692d6265f5fdeb54,b75bbb541bb731cc5bc80092a352705c60ad5d0b7c667e377518918d0a34c051,9250c7bcbcfcd574f585aa20b0a5ae80ba4bf48656f98e40176e6cdbf99788d9,fefa8f4e02764b7f3b9ce5fbbad10c9576dacaea52be1e29404d232fe5e3647a,fefa8f4e02764b7f3b9ce5fbbad10c9576dacaea52be1e29404d232fe5e3647a,4c8c8d7c03ebc1b7926e8b6611eb0c1bf8d00fbc0dcaf50f8eb764b476f2cd69,c03f5ef9e81ea13167a8b3133e75ea121d7727843730916d7ea5add23caf9509,1804,b012d186a47c3a4f134cebf68c79e8919e41a12607368d60f3eff01f53950e79,rendered_outgoing_final_clip_terminal_frame,rendered_incoming_base_clip_head,false,false,false,false,0.008793,0.02,transition_starts_on_actual_outgoing_terminal_frame,台帳を開く手元 terminal framing → 架空の二列台帳 initial framing,true,0,0
boundary-08,shot-b03-02,shot-b03-03,70,short_dissolve,0.45,82f82617b1914c9ffa01581af82d74090695b3e9276339eb8528b15ecc25c9aa,448429323578f1d19f7d148bc7ce8d6bee33504e42df89c9b696f28acfc74809,a991f05c0ee77f7542a65e1ec17180df7afadf1ccf1da46e32b37260bba0e0b6,e286760ea6f6c29ee62706f0d7e1a364670959f139bb5f885cba8a2b354f3f2d,e286760ea6f6c29ee62706f0d7e1a364670959f139bb5f885cba8a2b354f3f2d,99e6a0c4e15f2513ebc62118bbeb674cbd2a32da4079dd6c92b5eb6efb83f026,ceed84c8423448ce3b887f5452f52a912cbcf9a421206bcc0d4c3c8979e2a0fa,2106,f02be4cfd301f5fc9ed87fa356d5f63ee58e9b19237d1b3afc40d030a25e78fb,rendered_outgoing_final_clip_terminal_frame,rendered_incoming_base_clip_head,false,false,false,false,0.007939,0.02,transition_starts_on_actual_outgoing_terminal_frame,架空の二列台帳 terminal framing → 輪郭が薄れる三段階 initial framing,true,0,0
boundary-09,shot-b03-03,shot-b04-01,80,hard_cut,0,ed77e1e6742336f4265160e7794a0adc8a09af30fa245a6291b1b3330407fad3,c80f6b444af4b88af69f16c32c70438b8c354d3f40bb634e45a4613ac3674f6a,c80f6b444af4b88af69f16c32c70438b8c354d3f40bb634e45a4613ac3674f6a,bcef4ee21c9a40bbd259f464b71d9c28fcaeb1772bc28b97e8e3f9a24d8a15c0,4c6599cf2926cab56ccf5aa91e0d59175e5f622f3776b8bbaec7e5562e72d09f,9ec5db323ed16777c57b8c7caa7d4004a1a80aca4e47b48e198754fef2705130,ec8b4f47c02c6bd01d2ae9a6d7060e5dfb41f1d586fe7a4abeced6b2e978f1e9,2400,9ec5db323ed16777c57b8c7caa7d4004a1a80aca4e47b48e198754fef2705130,rendered_outgoing_final_clip_terminal_frame,rendered_incoming_base_clip_head,false,false,false,false,0,0.02,hard_cut_starts_on_actual_incoming_head,輪郭が薄れる三段階 terminal framing → 仕切りの向こう initial framing,true,0,0
boundary-10,shot-b04-01,shot-b04-02,88,graphic_match,0.3,430adf3bdf2f4166e6e56164571de59045e90301dc4306c776a8bdb028940e17,b091e323673a3b4bb35a46773c666f23ff71fcdd43ac7044af0bf8c700e5a8cd,684799ab965fe253b48da0d1e164f5c09f484cdbfb4f5cd47e796c34cd041a42,7a8a57e86338a29e0581966b13ef345d9d2367446455420c0ef8264b5d539c83,7a8a57e86338a29e0581966b13ef345d9d2367446455420c0ef8264b5d539c83,4af57b9f164c7e4df7adf626f802ed5713dc8e978c01d644dabf95a4d3b681f1,5efe46c61c2b9f73c2efd3d4db0f044d03c5204e6e863a2d7a6cd534bc0105a1,2644,4d253b47ca97123db48fa786fe40757d7c79ef94d0339f00cf08cb7d733d9e64,rendered_outgoing_final_clip_terminal_frame,rendered_incoming_base_clip_head,false,false,false,false,0.007443,0.02,transition_starts_on_actual_outgoing_terminal_frame,仕切りの向こう terminal framing → 同じ重さの二説 initial framing,true,0,0
boundary-11,shot-b04-02,shot-b04-03,96,held_fade,0.55,33c35bf816f4bdea6e96db33c181d467f8cf1d9464caa2d02f1ff77322f93065,36f69338317ec87d60a53563d184b7b4ae8ddc7124d713e4304c03d6663b3c75,667cf95c5acc9f02393f6f1805c576b5384f6277bf9ea2eb7078ae5352c9d6fe,308e486c448576376fe5ff51a2c769555025f58b2557e208cf3468a793964eed,308e486c448576376fe5ff51a2c769555025f58b2557e208cf3468a793964eed,a9716e954f85f114da24a201676bc746f07396795ada812ed5276622e98d08eb,68f3c595c87bbc293aa6c1f1c5ab135404ab8046fa6088ec2343fda56a1d5489,2888,0e88009f6cff18d19cf110a39a94e46a2951c89a59f55a1a007f34024850ff3f,rendered_outgoing_final_clip_terminal_frame,rendered_incoming_base_clip_head,false,false,false,false,0.007488,0.02,transition_starts_on_actual_outgoing_terminal_frame,同じ重さの二説 terminal framing → 閉じた部屋と台帳 initial framing,true,0,0
boundary-12,shot-b04-03,shot-b05-01,105,hard_cut,0,0371953848c5a242a421c34436a4e2046b3fe917b71bfc86ed9607e80fd16195,93035fe8647fa74f73f8e3bb000a854ab6148eca034c2ef4d32bafac1deafb30,93035fe8647fa74f73f8e3bb000a854ab6148eca034c2ef4d32bafac1deafb30,3e303273b8ca82414f090fd1433eadb932738f8b664e7a7586e0ae2c0256a469,e6bb5a4b7de164e2408ed9e18ff1944a6f814b785fe6cb3ebb1117ed59df8354,07ff9a7c3652032fd2b27da249d5929cd57420147a2cd34bcaca25e4bb02ab83,8a75daa29c68083b359086a12ba5f357092ffa634165a83130fd0dad0aa8cd66,3150,07ff9a7c3652032fd2b27da249d5929cd57420147a2cd34bcaca25e4bb02ab83,rendered_outgoing_final_clip_terminal_frame,rendered_incoming_base_clip_head,false,false,false,false,0,0.02,hard_cut_starts_on_actual_incoming_head,閉じた部屋と台帳 terminal framing → 未確定のトーマ候補 initial framing,true,0,0
boundary-13,shot-b05-01,shot-b05-02,118,match_cut,0.22,78556e88900d09f81d8fee64078cd4979915514f0cbbb1d89c9ef9574ff8dd5e,3e909a0be1a3bb2add2bde5703a016d953f4a3ea12bd0ecda9eefe36cafcf3c6,38c73fdb6f41f07c1c3b6bc25f9f1b9c4a25ede5b772a4061de4903c899d86b6,5ebebf494dcdb64d379078d050f075a9485840d5fdc583262570d76a5eaf76a4,5ebebf494dcdb64d379078d050f075a9485840d5fdc583262570d76a5eaf76a4,d366466503d555537d168fc969154fb4cb0a9b851c9466ca3d3b30303518366a,71f86d153b922ded611840889b1dbbf22feda1ea8bcfbc681717799b26884537,3543,ee53860a9cd4e334efc1d9e7c04f2a0e2f03eaa4859044a19f584c9c3f038d4b,rendered_outgoing_final_clip_terminal_frame,rendered_incoming_base_clip_head,false,false,false,false,0.007724,0.02,transition_starts_on_actual_outgoing_terminal_frame,未確定のトーマ候補 terminal framing → 真鍮の蛾と機能候補 initial framing,true,0,0
boundary-14,shot-b05-02,shot-b05-03,131,graphic_match,0.3,4b129d4cf46e4a2613977a746a3065ad7ad945a14f5de4a49b478aeea72d6ae3,587c63746135029570b88fceaa94409bb2bc26f21d929f9c0301f6c90f6f2825,f73b9bfcfef095ddab460e6800b34f5285a61cc10eb1ccab032a01f6b2ff0e1d,e03f688f1eac9f55b9453e98bfd3e59729f9435804fddafe9976f9d5745c2c31,e03f688f1eac9f55b9453e98bfd3e59729f9435804fddafe9976f9d5745c2c31,7e90d8415433d6ad86c700b740fe39ff7fe380bf8fa692b4364fcc98cb2d1987,08b0ee6ab1662945f2024cee91072b603a3f559cb6cefc0e2b8f8e0dc0218680,3934,a09297f847658713362a3080f32c08981321eb50c0cf5fc206f15c89baa299ef,rendered_outgoing_final_clip_terminal_frame,rendered_incoming_base_clip_head,false,false,false,false,0.008686,0.02,transition_starts_on_actual_outgoing_terminal_frame,真鍮の蛾と機能候補 terminal framing → 評議会の動機候補 initial framing,true,0,0
boundary-15,shot-b05-03,shot-b05-04,143,held_fade,0.55,f6c3373b40afd478fbbf0d1220aede0d8613065aca9843eef95c5cc6393c1ffc,95ab0f88a22c69f1f59df7dbb949584725e034a31cb3378f0bfb7faed5e80c7c,2896f3d95fa6fee9b176642af46b6cffc9ab7018fd3180b059840177c79a9a73,b0ce2dd7f179655f6c376913d68599e7d8a760d62e401521846ba76ea4444cee,be662c3c92e7acea04058cf9655e32628f4592bdb22784eff210197283349a6a,8ec50fa93338eb041bbc953c8ffef0dc2d16d9c749451f0705205cd4da18f506,bda240242d17543628b90661777c1cfc387681d387275a054a173d0d234d4fc1,4298,6f9193764a8616e01dcb00ef004e339f57cd3901ea8713d9f78c09c012822a25,rendered_outgoing_final_clip_terminal_frame,rendered_incoming_base_clip_head,false,false,false,false,0.007846,0.02,transition_starts_on_actual_outgoing_terminal_frame,評議会の動機候補 terminal framing → 三つの未解決事項 initial framing,true,0,0
boundary-16,shot-b05-04,shot-b06-01,155,hard_cut,0,76a9b3448059b9d2c37e62089024b61c4f8b48c507fe4200dd550676f9f58504,f90017d8bf1b1a4f4addef1a28c188fa06f01a23c7740a0ce546ad925f4a9124,f90017d8bf1b1a4f4addef1a28c188fa06f01a23c7740a0ce546ad925f4a9124,ae15905bed4dbb1612a614b332974f3233e4e506411c9e657e838325f877ddee,7b2c01c0f4f75e01119f34f0751efb1b99cb78f0eb910be5000b3c35dafa47a6,71494f19666d6aa21c2a47f49faf9697ea960e6500f668ed01da43c9735879e3,e29a27405bcc860d8a430483a750d94883a801281a99bc54f5d11e2cc3175d14,4650,71494f19666d6aa21c2a47f49faf9697ea960e6500f668ed01da43c9735879e3,rendered_outgoing_final_clip_terminal_frame,rendered_incoming_base_clip_head,false,false,false,false,0,0.02,hard_cut_starts_on_actual_incoming_head,三つの未解決事項 terminal framing → 時間と名前 initial framing,true,0,0
boundary-17,shot-b06-01,shot-b06-02,164,graphic_match,0.3,3df1407e20572b08bb1091e38acb7fde3e9108ac7848d2ba072ee74035d61d2e,e2a30a0378450ab08c3abd4034af9386c31dd4ac67bcd41966bab606662231a2,9b327422f62e9c6767a2248df0e8d1163fba4e393e5b27cbf51ad2b2c45527d3,c689856c82694067a82feb0e15e3fa9026494b15f65c03804386ed67abf9c6e3,c689856c82694067a82feb0e15e3fa9026494b15f65c03804386ed67abf9c6e3,4464e8b62c4412ea48d1e1a6a6dc114b258da44b8cb9552e90776e9ba9a878d5,d8d57d520795f4feaecc1e611526e14a9fdd698238e1171d9f6f3d5c6a9f5429,4924,45563cdd3b537a4638d145f5fdc4d48436473dad0a19b9e8406736c6d875cee4,rendered_outgoing_final_clip_terminal_frame,rendered_incoming_base_clip_head,false,false,false,false,0.008522,0.02,transition_starts_on_actual_outgoing_terminal_frame,時間と名前 terminal framing → 未記入欄を残す台帳 initial framing,true,0,0
boundary-18,shot-b06-02,shot-b06-03,172,held_fade,0.55,300b6f809acecb41ab594f55846417dc9142bae34c024185336b9667b007e6cf,4ab84b46d251117c1ff3f4be4463b85cc56a48a982953f9f3501b78043fa64a6,c79d363dfb2335685e797bbb537cc3c69bf683c1138c3cf7d9f16b9899fdf17f,b8913d52a56fc613901a01564d9e61adc00f7642ad0ea84619b39344de8a7402,f7a4d73db7eebba8cb99bf8224743e62a45145b7f57d7056d4b8329676465da1,83d15ff772339fa8cab0b2f1a5c923e21703bb9f43754b9f7ecaf47f649922e8,3df34c13d1e2635171137f8cb043b38f787e33ab8cb12f2e9277594aa394bb41,5168,4945a66710e8b2ee6a83d9404869b1915545df243c4aa26b4ae1d3d01377515c,rendered_outgoing_final_clip_terminal_frame,rendered_incoming_base_clip_head,false,false,false,false,0.007763,0.02,transition_starts_on_actual_outgoing_terminal_frame,未記入欄を残す台帳 terminal framing → 空の鐘枠へ戻る initial framing,true,0,0
