"utterance_id","source_section_id","source_character_start","source_character_end","source_text_ja","tts_reading_text_ja","semantic_equivalence","style_id","shot_id","target_start_seconds","synthesized_duration","actual_end_seconds","preceding_gap_seconds","following_gap_seconds","source_text_sha256","wav_sha256"
"utterance-01","1","0","24","正午、鐘のない塔から鐘の音が響いたと報告された。","正午、鐘のない塔から鐘の音が響いたと報告された。","True","10000","shot-b01-01","0.25","4.170667","4.420667","0.25","1.048","504887dcd575afc26e72221e0e7eb9fd975e957e6d45cafde1b2f01b0c8cb4e0","df88c943bdec31c7b30728eed013972f041193e9976a7c043750909031263557"
"utterance-02","1","24","33","塔の取付枠は空で、","塔の取付枠は空で、","True","10000","shot-b01-01","5.468667","1.781333","7.25","1.048","5","8f5ef95cb531ea62e3417640e8eeb8e705597663227f88f30aa46c1d1762cffb","0bb2d85bd86579d7507f013e1036dd150e7a58f11bf72c3d023dac56086fe383"
"utterance-03","1","33","83","音を生む鐘は見当たらない。確認できるのは、目撃された現象と空の枠だけであり、音源は特定されていない。","音を生む鐘は見当たらない。確認できるのは、目撃された現象と空の枠だけであり、音源は特定されていない。","True","10000","shot-b01-02","12.25","8.352","20.602","5","3.648","4e0ace88f3db86b0d6c63b74d62b278e409df7c61060c6b069d35b31f5651cfd","4aa8b0eb7868c028996296a74eb8a8bbbcbe46cab6b8941c739dad6423533451"
"utterance-04","2","0","15","時計修理師のミラ・ヴェイルは、","時計修理師のミラ・ヴェイルは、","True","10000","shot-b02-01","24.25","2.314667","26.564667","3.648","3.624","18e543b25643934233152de843cefd9195531ccf6c3d3960c91103606832af9f","aef2469dbd9f825a4400e593f3510ae8dd871cfdb893984186e93c8ad0d9bfd7"
"utterance-05","2","15","37","失踪した兄が残したとされるメモを調べている。","失踪した兄が残したとされるメモを調べている。","True","10000","shot-b02-01","30.188667","3.061333","33.25","3.624","5","934f182a7c8b8107a5319035ca9164505302fcf22114b6471cc70cd5e1bcd51b","09c654e271ab9614b3fb89f21e12f549309e2d53fa859dd8b73eca10c034dda4"
"utterance-06","2","37","50","作業台には真鍮の蛾があり、","作業台にはしんちゅうでできた、ガがあり、","True","10000","shot-b02-02","38.25","2.944","41.194","5","2.696","39de1c8a553397464552032072d84e3bb0ac33f41da01c15e330f1454611a1fc","8389551fcacb04106caf4d47541fadb5cb4ff8d2d57f7fb16bbd5e28ade2dacd"
"utterance-07","2","50","70","時計と記録には9:17が繰り返し現れる。","時計と記録には9時17分が繰り返し現れる。","True","10000","shot-b02-02","43.89","3.36","47.25","2.696","5","8d175cd1596252ee4c8310b6b6204efa387bc78c7265ac4b8b1e2739f78bdaec","5a92c144e1cd398bc0ad1f61d6e6544ad0fa9c00ff503d6c002345560c671daa"
"utterance-08","2","70","93","メモ、蛾、9:17は一つの手掛かりの連鎖だが、","メモ、ガ、9時17分は一つの手掛かりの連鎖だが、","True","10000","shot-b02-03","52.25","4.661333","56.911333","5","0.943334","b1197671138722ff58c6849222471a734ea305d52662b4e167a5e354c44f1095","79bb8aebfab5bd822b86b96d3d1fe65789595b53263667600fc61a31188c8551"
"utterance-09","2","93","109","兄の所在を直接示す記録ではない。","兄の所在を直接示す記録ではない。","True","10000","shot-b02-03","57.854667","2.645333","60.5","0.943334","4.926","e859de2d4c45c9aa6071462cf17f04e374cae3d1149b5cf7c5ded84e78aca9f8","aab1d313391a289974b773584762372a4d32179035706b0aeae2ea8109e31ec3"
"utterance-10","3","0","19","調査対象の台帳には、「分」を記す欄と、","調査対象の台帳には、「ふん」を記す欄と、","True","10000","shot-b03-01","65.426","3.84","69.266","4.926","5","953cc33f94b5d797aa353d919240cb83f40a06ae8bbec53778adfa18f8fdb2c8","354d3d8caa7d783ece4bfedf8258162c10aacf5f405d3aabf70cbee0b0766bbd"
"utterance-11","3","19","31","人の名前を記す欄が並ぶ。","人の名前を記す欄が並ぶ。","True","10000","shot-b03-01","74.266","1.984","76.25","5","5","e926c7557219a1f5e8285a08047d9008996324fece4bad8cb3523864d2fe35a4","3deca97da2ebfd330d548512cf2cc1a85c894fe9e45bdeeccd49fc291571cb99"
"utterance-12","3","31","59","現在の画像から確認できるのは二種類の記録形式だけである。","現在の画像から確認できるのは二種類の記録形式だけである。","True","10000","shot-b03-02","81.25","4.128","85.378","5","1.586","723f1d8df0c2153f28f38714216eb146d5df421d0003697d23153b80b83603b9","f7ecfcddf40f5646c217bc56c1fd066dfc097985bfa744a1ac4d827f9d3d2636"
"utterance-13","3","59","94","この台帳が時間を奪う、または人を消すという因果関係は証明されていない。","この台帳が時間を奪う、または人を消すという因果関係は証明されていない。","True","10000","shot-b03-02","86.964","5.536","92.5","1.586","4.75","6138436e5a185a5d093d3c1fdaf407e842923d92eaa6877c57ae76d9f13d7145","9ee3ce9d986ab051088ce4e252a63adc2a477a0b323b9e8137aa662d674e4566"
"utterance-14","4","0","27","失踪した兄のメモは、市の評議会に調査の目を向けている。","失踪した兄のメモは、しのひょうぎかいに調査の目を向けている。","True","10000","shot-b04-01","97.25","4.245333","101.495333","4.75","3.186","2ac75de2d8607bcd90a8fbf0d81ba58c7eef8a3edf13e0ab417ce487d8cd2d4d","5af756df72fa6fafda7f8fe82c230799cc2efdf222f325e23a2e1822ef2160ea"
"utterance-15","4","27","42","だが、メモは告発の記録であり、","だが、メモは告発の記録であり、","True","10000","shot-b04-01","104.681333","2.634667","107.316","3.186","5","d378b90a2b82a7268d33d9892f6fd89f047579b64092726838c743ae9b81506a","4c4810f77b04183d39136d45a92481714a0b303d269993b1b137504c2a3d5e3d"
"utterance-16","4","42","64","評議会の関与を裏づける証拠そのものではない。","評議会の関与を裏づける証拠そのものではない。","True","10000","shot-b04-01","112.316","3.157333","115.473333","5","5","8bc73ba8ce7223010b20c379556635279f7cea12a3ee091c65e543451d800ea1","5e095206b04f98e98bbc016f7a634087cbaa404f56d2e0314eec6171fd7ee8ab"
"utterance-17","4","64","83","台帳の出所と真正性も確認されておらず、","台帳の出所と真正性も確認されておらず、","True","10000","shot-b04-02","120.473333","3.178667","123.652","5","5","b1a1b4f1c6fd0c115e6b805174a0d3b9ee0174fb486c445d154fa6d165742446","8cb1f442dcf9918f98f20292c3adaad8116e6f0a02daedae77fb793ade61a373"
"utterance-18","4","83","101","責任や動機を断定できる段階にはない。","責任や動機を断定できる段階にはない。","True","10000","shot-b04-02","128.652","2.848","131.5","5","4.75","5b99402786bdc941bdca51e1aca80af56e4577f7bf2e4d597225db5470ac56d9","9fcc2c25609b99cf3fe924ce01218fbb1fb045c83b394221ca07a09496f8ac9a"
"utterance-19","5","0","61","この事件で確認されているのは、正午に報告された鐘の音、空の取付枠、失踪した兄のメモ、真鍮の蛾、9:17、二列の台帳である。","この事件で確認されているのは、正午に報告された鐘の音、空の取付枠、失踪した兄のメモ、しんちゅうでできた、ガ、9時17分、二列の台帳である。","True","10000","shot-b06-01","136.25","12.554667","148.804667","4.75","4.025999","932b528a6f5fa941d1a6842d44c47de4ccf97a3e51e49e4c301a2a5d0a3e4a70","f4d380b052474cbd7bceb78d3a9afc6f27359fa079d6a98846b230cf9a16e043"
"utterance-20","5","61","88","時間と名前は台帳に記録された二つの損失区分として扱う。","時間と名前は台帳に記録された二つの損失区分として扱う。","True","10000","shot-b06-01","152.830666","4.362667","157.193333","4.025999","5","d42a4c9abe6b4b84fd7bb76136a61ed6eed7a69d844892946f7d141dc26ceeed","af4315aa3b46628a292d6b92aaf285d0e25e1ef3ccb054b52f7270651e0d92a3"
"utterance-21","5","88","113","音源、兄の所在、評議会との関係は確認されていない。","音源、兄の所在、評議会との関係は確認されていない。","True","10000","shot-b06-03","162.193333","4.736","166.929333","5","5","0ee8cfff442713803dcaeade32433a69dc6ac1e5f3bf21ee7997e43c5ac928b4","c406cd7ee2b2eb66d9149a3074ad0765826d4415f957f79b427055468eb1cec2"
"utterance-22","5","113","128","塔は現在も調査対象として残る。","塔は現在も調査対象として残る。","True","10000","shot-b06-03","171.929333","2.570667","174.5","5","5.5","795d738f88fc1c24b2cb7e1b1b81c0b85103c4bb7778c89691147a2f809da0e5","18ce031db4b88e975b57d5f24369f3e2e7b28367d2eefcbf6ebce8039da4b3d2"
